city,routes_count,stops_count,connections_count,total_length,connection_length_average,total_travel_time,connection_travel_time_average,connection_speed_average,wait_time_average,wait_time_std
sf,56,1929,3578,932.6777666661477,0.26067014160596635,3868.4488358789436,1.0811763096363733,14.46591860824085,13.7055995698,6.58538056193
toronto,167,5813,10023,3046.5819723563563,0.3039590913255868,7232.472078857791,0.7215875565058157,25.274196201286934,13.7001234394,8.92239883721
la,128,8420,13778,5968.8265549706175,0.43321429488827246,13689.786873934434,0.9935975376639885,26.160348338228797,26.0823295593,17.6448401685
boston,108,4692,6961,2068.4986162577393,0.2971553823096882,999.4433631439173,0.14357755540064895,124.17903960566181,19.0018427973,24.4783789303