city,total_length,total_length_normalized,average_connection_length,average_shortest_path,average_shortest_path_normalized,average_clustering,,average_straight_distance,average_detour,coverage_stops,coverage_distance
sf-muni,1060.963638,8.76829453,0.286437267,6.809382457,0.056275888,0.002842362,5.455308284847078,1.354074172382318,3.8677,0.1526439088428303
ttc,3143.866547,4.990264361,0.307138193,17.42270408,0.027655086,0.001464243,14.290223620422077,3.132480460586402,1.6196,0.13627871061626798
lametro,6745.049928,5.556054306,0.437252037,28.55946591,0.023525095,0.001304268,23.616376258828335,4.943089653738237,0.6402,0.10546708282730258